cell_id,batch,charging_policy,cycle_life,log10_Var_dQ,min_dQ,mean_dQ,mean_chargetime,mean_Tavg,slope_QD,delta_QD_100_10
Batch 1_0,Batch 1,3.6C(80%)-3.6C,1190.0,-5.014860998019518,-0.008459642934268818,-0.0028734152246919164,13.384230505050484,31.603747328822767,0.00044127432883288726,0.0013753000000000792
Batch 1_1,Batch 1,3.6C(80%)-3.6C,1179.0,-5.01395957231477,-0.011003816596621974,-0.00409961462134519,13.374696464646446,31.33031430692745,0.0006476957569757011,0.000853100000000051
Batch 1_2,Batch 1,3.6C(80%)-3.6C,1177.0,-4.736999718278589,-0.017216391849644463,-0.004486734282886989,13.378886329966337,31.47958411321121,0.0006547647830783067,0.001158699999999957
Batch 1_3,Batch 1,4C(80%)-4C,1226.0,-4.442613347243354,-0.018960539773269502,-0.007455784700018413,12.053277171717166,29.942198807956427,0.0006611514875487604,0.00044200000000005346
Batch 1_4,Batch 1,4C(80%)-4C,1227.0,-4.647743641009163,-0.013957995093677344,-0.005750008121960181,12.053313636363642,31.44888383416564,0.00066170351515152,0.0006920999999999733
Batch 1_5,Batch 1,4.4C(80%)-4.4C,1074.0,-4.17887795674817,-0.025178778949337288,-0.01107391297973859,10.955934948979651,30.92149771366389,0.0006526735631563133,-0.0003965999999999692
Batch 1_6,Batch 1,4.8C(80%)-4.8C,636.0,-3.768877897677007,-0.03788603931347978,-0.015965056248274823,10.04485760942758,32.27384521945563,0.0006374599969996959,-0.0018586000000000436
Batch 1_7,Batch 1,4.8C(80%)-4.8C,870.0,-3.8134860745003474,-0.03823338650707442,-0.016645727245619735,10.044094528619514,31.990084509217034,0.0006454022130213007,-0.0018245000000001177
Batch 1_8,Batch 1,5.4C(40%)-3.6C,879.0,-4.001194604416227,-0.030807702259195047,-0.012818967232022799,11.24361163299663,32.076506270161325,0.0006556275559555929,-3.7999999999982492e-06
Batch 1_9,Batch 1,5.4C(40%)-3.6C,1054.0,-4.059383672790249,-0.028724475696229934,-0.011510600568480111,11.241857609427619,32.64153361126789,0.0006638219873987413,0.0009996999999999368
Batch 1_10,Batch 1,5.4C(50%)-3C,906.0,-4.022573141912414,-0.026992931922526497,-0.010668007843734223,11.688040235690274,33.208150668462316,0.000667137438943891,0.0021002000000001075
Batch 1_11,Batch 1,5.4C(50%)-3C,788.0,-4.146896524411297,-0.023691513033622602,-0.008378205102529986,11.684114427609464,32.75932260623101,0.000650914402040209,0.0018716000000000843
Batch 1_12,Batch 1,5.4C(50%)-3.6C,902.0,-4.12519064319492,-0.027438869587688153,-0.011237958333707347,10.68385405723906,33.4580219141428,0.0006550641458145842,0.0007700999999999958
Batch 1_13,Batch 1,5.4C(50%)-3.6C,897.0,-4.048006452792147,-0.029137075239816568,-0.013148734381658471,10.685353013468022,32.09216634315908,0.0006484489558956014,-4.8000000000048004e-05
Batch 1_14,Batch 1,5.4C(60%)-3C,880.0,-4.046069835161314,-0.0282939556930506,-0.011946218223467892,10.794674115646261,33.07746279993842,0.0006647239531953194,0.000999500000000042
Batch 1_15,Batch 1,5.4C(60%)-3C,719.0,-4.0179490986414095,-0.02894455469678503,-0.011013089313180444,10.795610034013558,33.147720104395674,0.000662438123612373,0.001147500000000079
Batch 1_16,Batch 1,5.4C(60%)-3.6C,862.0,-4.099413669983678,-0.027606674842371115,-0.012403806163792485,10.12547436026938,32.41716254671688,0.0006678998049805001,0.0005359000000000336
Batch 1_17,Batch 1,5.4C(60%)-3.6C,857.0,-3.970159447107843,-0.031067967108938555,-0.013343115757399526,10.13811205387206,32.088753858534446,0.000657220048004795,0.0012254000000000431
Batch 1_18,Batch 1,5.4C(70%)-3C,691.0,-3.650080543213559,-0.04413321540827286,-0.02070238680333876,9.925956313131316,31.831057275618022,0.000359619080108015,-0.005023800000000023
Batch 1_19,Batch 1,5.4C(70%)-3C,788.0,-3.6199068256267832,-0.04589269342650848,-0.020106274821769736,9.930255336700304,33.044085397077396,0.0006365072817281828,-0.0015537000000001022
Batch 1_20,Batch 1,5.4C(80%)-5.4C,534.0,-3.367237409234227,-0.06358042689660326,-0.03279598300714767,9.027207626262616,32.15292201754506,0.000499924745874584,-0.014476399999999945
Batch 1_21,Batch 1,5.4C(80%)-5.4C,559.0,-3.3503380506265663,-0.06472026276575493,-0.030657577112710634,8.987271380471347,33.13697371135653,0.0005635516297629833,-0.009073200000000003
Batch 1_22,Batch 1,6C(30%)-3.6C,891.0,-3.95216866925275,-0.032147144008991324,-0.014716371313208602,11.46291215488218,32.84391283877385,0.0006367991797179773,-0.0009717000000000198
Batch 1_23,Batch 1,6C(30%)-3.6C,1014.0,-4.040793638557235,-0.029953516931757296,-0.013340620512360239,11.458691784511789,31.99077454717494,0.0006363017251725143,-0.0009636000000001754
Batch 1_24,Batch 1,6C(40%)-3C,1017.0,-3.9386625198856184,-0.03184213409789827,-0.013873507013282613,12.128487205387225,33.378063951824195,0.000642379886588658,-7.259999999997824e-05
Batch 1_25,Batch 1,6C(40%)-3C,854.0,-4.027888815909276,-0.02944117289056547,-0.012406193052887388,12.137498080808081,33.848557073949294,0.0006413974311431119,-0.0003018999999999661
Batch 1_26,Batch 1,6C(40%)-3.6C,870.0,-3.795219994075125,-0.03835445363245393,-0.01785015712562481,10.800664208754247,33.15641406115227,0.0006331072481248089,-0.0016640999999999462
Batch 1_27,Batch 1,6C(40%)-3.6C,842.0,-3.853703196955041,-0.03583211964634625,-0.01551418714665611,10.803712340067367,33.89497000372245,0.0006323544560456059,-0.001266699999999954
Batch 1_28,Batch 1,6C(50%)-3C,860.0,-3.84471180445884,-0.03721348031974192,-0.016698122755162716,11.138253585858592,33.773800525042,0.0006345002286228595,-0.0012768000000000779
Batch 1_29,Batch 1,6C(50%)-3C,917.0,-3.8382817019703572,-0.036868449881918286,-0.01660052342693117,11.151875336700314,32.70415601771739,0.000638179432943306,-0.00098240000000005
Batch 1_30,Batch 1,6C(50%)-3.6C,709.0,-3.744699215485718,-0.04081538502439652,-0.017719122166801278,10.124524292929316,33.54008830692456,0.0006273795799580049,-0.001953399999999883
Batch 1_31,Batch 1,6C(50%)-3.6C,876.0,-3.7777326214847866,-0.03947820648424727,-0.017983588803246863,10.126957558922545,30.375396745150564,0.0006263009726972768,-0.0027898000000001755
Batch 1_32,Batch 1,6C(60%)-3C,731.0,-3.6464634951461723,-0.04556628526257467,-0.020730273837007353,10.129902676767715,33.08050304573434,0.0006295862604260483,-0.0016681999999998975
Batch 1_33,Batch 1,6C(60%)-3C,757.0,-3.66705759556901,-0.044901781211682756,-0.021651569301358076,10.129993047138067,33.67169761442224,0.0006296228370837173,-0.002425699999999864
Batch 1_34,Batch 1,7C(30%)-3.6C,742.0,-3.8486161539440484,-0.037218141748807665,-0.016080359430316875,11.035507962962974,32.66455167507311,0.0006413220672067296,-0.00040940000000011523
Batch 1_35,Batch 1,7C(30%)-3.6C,703.0,-3.7726058130233238,-0.039152034335048436,-0.018223341654084003,11.036444074074083,32.09733437854189,0.0006414218007800829,-0.00013669999999987859
Batch 1_36,Batch 1,7C(40%)-3C,704.0,-3.669501340566928,-0.044621405961221994,-0.02104235085802675,11.554803670033683,32.04688205693082,0.0006353728244824497,-0.001297899999999963
Batch 1_37,Batch 1,7C(40%)-3C,648.0,-3.673938891265066,-0.044544784957630146,-0.019436824634916583,11.561455202020227,32.95969887229894,0.0006310204812481291,-0.001513400000000109
Batch 1_38,Batch 1,7C(40%)-3.6C,617.0,-3.433048172369524,-0.05641559694699583,-0.026764193834967424,10.23158840067342,33.69474656343401,0.0006299331899189924,-0.0010924999999999407
Batch 1_39,Batch 1,7C(40%)-3.6C,625.0,-3.5045337190652996,-0.053143954091811496,-0.024440041487006035,10.242025976430945,33.50643317156701,0.0006417493183318258,-0.0008420000000000094
Batch 1_40,Batch 1,8C(15%)-3.6C,966.0,-4.055212700223032,-0.02909570881628587,-0.012628807847703542,12.087224326599337,33.45968416375564,0.0006377398223822388,-0.0014332999999999707
Batch 1_41,Batch 1,8C(15%)-3.6C,1051.0,-4.071513964059167,-0.02850629135902205,-0.012358568562846162,12.091290892255918,33.07332253245542,0.000643164643864387,-0.0005790000000001072
Batch 1_42,Batch 1,8C(25%)-3.6C,702.0,-3.665855783256945,-0.04470964572873015,-0.020599210252813277,11.178124326599383,33.58506724391689,0.0006459453825382576,-0.0004695000000001226
Batch 1_43,Batch 1,8C(25%)-3.6C,651.0,-3.667779069613828,-0.044605890152637384,-0.019165626778476195,11.17782324915825,33.339782658681436,0.0006126522802280237,-0.002598499999999948
Batch 1_44,Batch 1,8C(35%)-3.6C,616.0,-3.4207000036622865,-0.05879707165403769,-0.029329092901317067,10.258049427609434,32.55333216968653,0.0006130317737773808,-0.0035061000000000675
Batch 1_45,Batch 1,8C(35%)-3.6C,599.0,-3.425292234542537,-0.059403509916114317,-0.02886609052113574,10.257274326599303,33.0005473910965,0.0006333010081008128,-0.0016899999999999693
Batch 2_0,Batch 2,5.2C(58%)-4C,477.0,-3.487264794967473,-0.055061277717081025,-0.025801000173386008,10.173261300000107,31.807497385473816,1.6304494449446432e-05,0.0015544999999999032
Batch 2_1,Batch 2,5.6C(26%)-4.5C,491.0,-3.2980513646133844,-0.0661147205894651,-0.035595007639683186,10.19907416666656,33.59830289682961,-3.32861002100178e-05,-0.006769200000000142
Batch 2_2,Batch 2,5.2C(50%)-4.25C,424.0,-3.460248363859582,-0.052717818544041395,-0.025013386420214043,10.175027650000057,33.17756576063981,-4.820387278725063e-06,-0.005759800000000093
Batch 2_3,Batch 2,4.65C(44%)-5C,499.0,-3.496242995613163,-0.05586845261151374,-0.020089882918698704,10.173197350000047,33.93958543884461,7.682116951695325e-05,0.001900600000000141
Batch 2_4,Batch 2,4.65C(69%)-6C,444.0,-3.2325068114847513,-0.07029720690084085,-0.034781796484889084,10.231934299999951,33.05027186948681,-6.734896969696271e-05,-0.009355000000000002
Batch 2_5,Batch 2,3.6C(30%)-6C,416.0,-3.085881723749929,-0.08615002847927744,-0.04648540460048997,10.198507216666679,33.01550370431462,-0.00019428050225022198,-0.02270519999999987
Batch 2_6,Batch 2,3.6C(9%)-5C,393.0,-3.530039685030234,-0.04987247893740465,-0.02082479246051704,10.179292016666743,33.81745006948466,6.42928268826928e-05,0.00025420000000009324
Batch 2_7,Batch 2,4.8C(80%)-4.8C-newstructure,777.0,-4.23167008250161,-0.021737979924043582,-0.008823099834708447,10.035779716666658,33.766912217149354,5.5001032703277326e-05,0.00692769999999987
Batch 2_8,Batch 2,5.2C(58%)-4C-newstructure,904.0,-4.102422474802714,-0.027841110945332148,-0.011203415580045945,10.039867333333332,33.59821236744562,-4.6892879987995e-05,-0.0007699999999999374
Batch 2_9,Batch 2,5.6C(26%)-4.5C-newstructure,791.0,-4.344425673063918,-0.019754152325308416,-0.007446960333569007,10.039938566666658,32.35755295299843,-2.9646877887787866e-05,-0.0010336999999998042
Batch 2_10,Batch 2,4.8C(80%)-4.8C,492.0,-3.4509001120710128,-0.05580244986198335,-0.02952029629956943,10.169517366666604,31.720671317513244,5.465127200720503e-05,0.006365199999999849
Batch 2_11,Batch 2,5.2C(50%)-4.25C,449.0,-3.4853932196519435,-0.05489875594719695,-0.024012633467613776,10.17388110000002,33.14963101101539,0.00011564709150915369,0.010471899999999978
Batch 2_12,Batch 2,4.65C(44%)-5C,466.0,-3.167968367511606,-0.07733124344865683,-0.03939759227215439,10.17485430000005,31.316793895936517,3.221619081908934e-05,0.0038705999999999463
Batch 2_13,Batch 2,4.65C(69%)-6C,460.0,-3.3444477209239154,-0.06467448840609535,-0.0340700221226121,10.2140922166666,31.948019425910115,-1.1630218421844241e-05,-0.001671499999999826
Batch 2_14,Batch 2,3.6C(30%)-6C,426.0,-3.118519965678272,-0.0837144352028476,-0.04455576451036339,10.238124932660027,32.124753255414234,-0.00010136840564056637,-0.007291900000000018
Batch 2_15,Batch 2,3.6C(9%)-5C,396.0,-3.5162519253509874,-0.05093467639415561,-0.024135288352654265,10.17305868333338,32.862312590345454,9.309728292829446e-05,0.0058939000000000075
Batch 2_16,Batch 2,4.8C(80%)-4.8C,472.0,-3.4948809905173555,-0.0532543676756424,-0.026244652410942607,10.171623783333347,32.76618715423966,-1.377500510050277e-05,-0.0024861000000000466
Batch 2_17,Batch 2,5.6C(26%)-4.5C,471.0,-3.50034412709959,-0.05256239657553352,-0.024346340387445996,10.181189350000091,32.98821355652246,4.06414887488872e-05,0.0018574999999998454
Batch 2_18,Batch 2,5.2C(50%)-4.25C,449.0,-3.7073027339627593,-0.03974566910430133,-0.016640891110932497,10.174147266666704,32.88628935898336,0.00011416270147014993,0.007177800000000012
Batch 2_19,Batch 2,6C(60%)-3C,392.0,-3.2919580036920606,-0.06565175087353758,-0.03430820779792184,10.173766266666714,32.76991201802439,2.3392277227724923e-05,0.0006085999999998482
Batch 2_20,Batch 2,5.2C(58%)-4C,489.0,-3.4413054302106536,-0.06050408803806073,-0.024435139451588442,10.17292698653199,33.62225921545461,2.917883588358451e-05,0.0038581999999998118
Batch 2_21,Batch 2,6C(60%)-3C,408.0,-3.326679074277874,-0.06446758204398206,-0.03328855261100499,10.174718300000022,33.59820005445401,3.593870867086848e-05,-0.002316299999999938
Batch 2_24,Batch 2,4.8C(80%)-4.8C,514.0,-3.6408852661754203,-0.04572997432532899,-0.02277147977476359,10.169994666666671,33.205124014909316,4.449777617762296e-05,0.00628659999999992
Batch 2_25,Batch 2,5.2C(58%)-4C,493.0,-3.5344779285349004,-0.05050846489030969,-0.023610982444417374,10.172937516666643,32.23892710270436,3.988503030303342e-05,0.005356099999999975
Batch 2_26,Batch 2,5.6C(26%)-4.5C,450.0,-3.222053607069115,-0.0733087791289827,-0.03803854165400029,10.196435016834979,33.76445582326918,-1.22590411041043e-05,4.099999999995774e-05
Batch 2_27,Batch 2,5.2C(50%)-4.25C,474.0,-3.4862036315673923,-0.05449125756065937,-0.02468392780224258,10.174639799999882,33.303981946117254,8.4661474347446e-05,0.006948799999999977
Batch 2_28,Batch 2,4.8C(80%)-4.8C,437.0,-3.4234111679718877,-0.05649138678277321,-0.027989332592662373,10.17344515151507,32.14418070388791,6.0277505550562045e-05,0.005930200000000108
Batch 2_29,Batch 2,5.2C(58%)-4C,452.0,-3.5082481776947425,-0.05263352953614442,-0.02532223237657199,10.173061883333311,31.797456695109688,0.00012138198679868116,0.010227500000000056
Batch 2_30,Batch 2,5.6C(26%)-4.5C,412.0,-3.185409558609304,-0.07552303651130998,-0.03965588948997046,10.201626936026924,33.81003990939852,-8.347699429943102e-05,-0.005918899999999949
Batch 2_31,Batch 2,5.6C(26%)-4.5C,425.0,-3.3523588305097505,-0.06422883358208353,-0.030624456764042955,10.194311699999947,33.375923495204454,3.9730585658565726e-05,0.002072800000000097
Batch 2_32,Batch 2,4.8C(80%)-4.8C-newstructure,809.0,-4.131466149288064,-0.02746120651303563,-0.013389939833647101,10.040989764309831,32.16783240841186,-5.3067630363030246e-05,-0.003806299999999929
Batch 2_33,Batch 2,5.2C(58%)-4C-newstructure,1140.0,-4.231628311934667,-0.024084742136216253,-0.011579541007786182,10.039557949999924,32.73895611525105,-0.00012262329552954914,-0.005766399999999949
Batch 2_34,Batch 2,5.6C(26%)-4.5C-newstructure,1186.0,-4.448585161124481,-0.01914294964399932,-0.008120054579074073,10.040425202020224,35.66583614425341,-5.249918571856516e-05,-0.0043455999999999495
Batch 2_41,Batch 2,5.6C(26%)-4.5C,442.0,-3.17236580953112,-0.08093104924483763,-0.037768291495701274,10.189029478114449,30.20099354305731,2.4216604860487783e-05,0.003105399999999925
Batch 2_42,Batch 2,5.2C(50%)-4.25C,474.0,-3.48258764668815,-0.054167624970645756,-0.02934071492636848,10.175117383333331,31.71041325336692,8.59611647164716e-05,0.00849040000000012
Batch 2_43,Batch 2,4.8C(80%)-4.8C-newstructure,1029.0,-4.271781920503377,-0.019164842112240565,-0.00777834835139346,10.036757000000032,33.91860336356293,-6.995087428742697e-05,-0.0031058000000001584
Batch 2_44,Batch 2,5.2C(58%)-4C-newstructure,841.0,-4.36452347027206,-0.020302277620516618,-0.008750572617170911,10.04049962962961,33.956934554468496,-2.3820940894082738e-05,-0.0010189000000000448
Batch 2_45,Batch 2,5.6C(26%)-4.5C-newstructure,997.0,-4.17521494266972,-0.026670418787086536,-0.011157666285585534,10.040191283333298,35.27071288818467,-7.502379357935778e-05,-0.0035545999999999633
Batch 2_46,Batch 2,4.8C(80%)-4.8C,503.0,-3.508875131416986,-0.05286240500828243,-0.02283429863191323,10.169813855218878,29.88032329687331,2.09946288628969e-05,-0.001817100000000016
